URI,SmallURI,LargeURI,ImageWidth,Type,Priority,Caption,Taxon,Character,State,UseFor,TipStyle
resources/images/Fhyalinus/Fhyalinus_WL_10x.jpg,,,600,image-local,,Leaf midrib absent,Fissidens hyalinus,costa,Ecostate,,
resources/images/Fsubmarginatus/Fsubmarginatus_WL_10x.jpg,,,600,image-local,,Leaf midrib present,Fissidens submarginatus,costa,Costate,,
resources/images/Fpolypodioides/Fpolypodioides_WL_2x.jpg,,,600,image-local,,Extends halfway up the leaf,Fissidens polypodioides,vaginate-lamina-length,± 1/2 leaf length,,
resources/images/Ffontanus/Ffontanus_WL_2x.jpg,,,600,image-local,,Extends one-third up the leaf,Fissidens fontanus,vaginate-lamina-length,± 1/3 leaf length,,
resources/images/Ftaxifolius/Ftaxifolius_WL_40x.jpg,,,600,image-local,,Extends two-thirds up the leaf,Fissidens taxifolius,vaginate-lamina-length,± 2/3 leaf length,,
resources/images/Fscalaris/Fscalaris_WL_10x.jpg,,,600,image-local,,Extends almost to the tip,Fissidens scalaris,vaginate-lamina-length,± 4/5 leaf length,,
resources/images/Farcticus/Farcticus_WL_10x.jpg,,,600,image-local,,Extends three-quarters up the leaf,Fissidens arcticus,vaginate-lamina-length,± 3/4 leaf length,,
resources/images/BourbonTop.jpg,,,600,image-local,,Extends less than halfway up the leaf,,vaginate-lamina-length,± 2/5 leaf length,,
resources/images/MCC1.jpg,,,600,image-local,,"Leaf pocket is ± equal, edges of pocket line up",,vaginate-lamina-alignment,± equal,,
resources/images/MCFingerXSection.jpg,,,600,image-local,,"Leaf pocket is ± unequal, edges of pocket do not line up and are offset",,vaginate-lamina-alignment,± unequal,,
resources/images/Fserratus/Fserratus_WL_4x.jpg,,,600,image-local,,Leaf pocket apex ends on or near leaf edge,Fissidens serratus,vaginate-lamina-minor-lamina-apex,ending on or near margin,,
resources/images/Ffontanus/Ffontanus_WL_2x.jpg,,,600,image-local,,Leaf pocket apex ends on or near midrib,Fissidens fontanus,vaginate-lamina-minor-lamina-apex,ending on or near costa,,
resources/images/Fappalachensis/Fappalachensis_WL_4x.jpg,,,600,image-local,,Leaf pocket apex ends between midrib and leaf edge,Fissidens appalachensis,vaginate-lamina-minor-lamina-apex,ending between costa and margin,,
resources/images/Fobtusifolius/Fobtusifolius_MGN_40x.jpg,,,600,image-local,,Leaf edge is ± smooth,Fissidens obtusifolius,lamina-margin,± entire,,
resources/images/Flittlei/Flittlei_MGN_40x.jpg,,,600,image-local,,"Leaf edge has ± tiny rounded teeth, with teeth made of bulging walls of one cell",Fissidens littlei,lamina-margin,± crenulate,,
resources/images/Fpallidinervis/Fpallidinervis_MGN_40x.jpg,,,600,image-local,,"Leaf edge has small saw-like teeth, with teeth made of only part of one cell",Fissidens pallidinervis,lamina-margin,serrulate,,
resources/images/Fdubius/Fdubius_MGN_40x.jpg,,,600,image-local,,"Leaf edge has saw-like teeth, with teeth made of one or more cells",Fissidens dubius,lamina-margin,serrate,,
resources/images/Fpolypodioides/Fpolypodioides_MGN.jpg,,,600,image-local,,"Leaf edge has fine teeth, with teeth made of only the projecting tip of one cell",Fissidens polypodioides,lamina-margin,denticulate,,
resources/images/Fpauperculus/Fpauperculus_MGN_40x.jpg,,,600,image-local,,Leaf edge has tiny rounded teeth along with small saw-like teeth.,Fissidens pauperculus,lamina-margin,crenulate-serrulate,,
resources/images/Fdubius/Fdubius_MGN_40x.jpg,,,600,image-local,,Border absent,Fissidens dubius,limbidium,Elimbate,,
resources/images/Fcurvatus/Fcurvatus_WL_10x.jpg,,,600,image-local,,Border present on all leaves,Fissidens curvatus,limbidium,Limbate on all laminae,,
resources/images/Fsubmarginatus/Fsubmarginatus_WL_10x.jpg,,,600,image-local,,Border restricted to leaf pocket,Fissidens submarginatus,limbidium,Limbidium confined to vaginant laminae,,
resources/images/Fserratus/Fserratus_APX_40x.jpg,,,600,image-local,,Tip of midrib ends 1 cell before tip of leaf,Fissidens serratus,costa-apex-ending,1 cell before leaf apex,,
resources/images/Fventricosus/Fventricosus_APX_40x.jpg,,,600,image-local,,Tip of midrib ends 2-6 cells before tip of leaf,Fissidens ventricosus,costa-apex-ending,2-6 cells before leaf apex,,
resources/images/Fobtusifolius/Fobtusifolius_APX_40x.jpg,,,600,image-local,,Tip of midrib ends 3-10 cells before tip of leaf,Fissidens obtusifolius,costa-apex-ending,3-10 cells before leaf apex,,
resources/images/Fleptophyllus/Fleptophyllus_APX_40x.jpg,,,600,image-local,,Tip of midrib ends 6-16+ cells before tip of leaf,Fissidens leptophyllus,costa-apex-ending,6-16+ cells before leaf apex,,
resources/images/Fminutulus/Fminutulus_APX_40x.jpg,,,600,image-local,,The midrib extends to the tip of the leaf and ends there.,Fissidens minutulus,costa-apex-ending,± percurrent,,
resources/images/Fcurvatus/Fcurvatus_APX_40x.jpg,,,600,image-local,,The midrib extends past the tip of the leaf.,Fissidens curvatus,costa-apex-ending,± excurrent,,
resources/images/MCDBottom.jpg,,,600,image-local,,"The tip of the leaf ends in a sharp, stiff point formed by the midrib extending beyond the rest of the leaf.",,costa-apex-ending,cuspidate leaf apex ,,
resources/images/HighlandShortieSide.jpg,,,600,image-local,,"Examining a transverse section through the middle of the vaginate lamina (leaf pocket). The leaf midrib contains two peripheral guide cells (large, thin-walled) and two lateral bands of sterid cells (small, thick-walled) separated by one (sometimes more) large central cell.",,costa-anatomy,bryoides-type,,
resources/images/MCDBottom.jpg,,,600,image-local,,"Examining a transverse section through the middle of the vaginate lamina (leaf pocket). The leaf midrib contains three lateral bands (two lateral and one ventral) of sterid cells (small, thick-walled) and as many as 16 guide cells (large, thin-walled) arranged in a U or V formation, and as many as 5 large central cells.",,costa-anatomy,oblongifolius-type,,
resources/images/MCDBottom.jpg,,,600,image-local,,"Examining a transverse section through the middle of the vaginate lamina (leaf pocket). The leaf midrib contains four or more peripheral guide cells (large, thin-walled) and two lateral bands of sterid cells (small, thick-walled) separated by 1-5 large central cells.",,costa-anatomy,taxifolius-type,,
resources/images/Faphelotaxifolius/Faphelotaxifolius_DCX_40x.jpg,,,600,image-local,,Leaf thickness 1-layer of cells,Fissidens aphelotaxifolius,lamina-cell-thickness,1-stratose,,
resources/images/Fbushii/Fbushii_DCX_40x.jpg,,,600,image-local,,Leaf thickness occasionally 2-layers of cells,Fissidens bushii,lamina-cell-thickness,infrequently 2-stratose,,
resources/images/MCDBottom.jpg,,,600,image-local,,Leaf thickness 2-layers of cells,,lamina-cell-thickness,2-stratose,,
resources/images/Fgrandifrons/Fgrandifrons_DCX_40x.jpg,,,600,image-local,,Leaf thickness 2- to several layers of cells,,lamina-cell-thickness,2- to pluristratose,,
resources/images/HighlandShortieSide.jpg,,,600,image-local,,Leaf cells have one bump on each cell,,lamina-cell-ornamentation,Mammillose,,
resources/images/MCDBottom.jpg,,,600,image-local,,Leaf cells have many bumps on each cell,,lamina-cell-ornamentation,Pluripapillose,,
resources/images/MCDBottom.jpg,,,600,image-local,,Leaf cells lack bumps and are swollen,,lamina-cell-ornamentation,Smooth ± bulging,,
resources/images/MCDBottom.jpg,,,600,image-local,,Leaf cells lack bumps and are flat,,lamina-cell-ornamentation,Smooth ± plane,,
resources/images/HighlandShortieSide.jpg,,,600,image-local,,Leaf cell forms are ± six sided,,lamina-cell-shape,± hexagonal,,
resources/images/MCDBottom.jpg,,,600,image-local,,Leaf cell forms are ± boxy,,lamina-cell-shape,± quadrate  ,,
resources/images/MCDBottom.jpg,,,600,image-local,,Leaf cell forms are lengthened six-sided,,lamina-cell-shape,elongate-hexagonal,,
resources/images/MCDBottom.jpg,,,600,image-local,,"Leaf cell forms are six-sided, and when viewed from the side, they are usually about twice as tall as they are side to side",,lamina-cell-shape,"hexagonal, in transverse section usually twice as deep as wide",,
resources/images/MCDBottom.jpg,,,600,image-local,,Leaf cell forms in the proximal parts of the leaf pocket are diamond-shaped.,,lamina-cell-shape,rhombic in proximal portions of vaginant laminae,,
resources/images/MCDBottom.jpg,,,600,image-local,,Leaf cell forms are stretched with smaller cells along the leaf edge.,,lamina-cell-shape,"oblong, marginal cells smaller",,
resources/images/MCDBottom.jpg,,,600,image-local,,"Leaf cells forms are six-sided, but with soft, curved corners",,lamina-cell-shape,rounded-hexagonal,,
resources/images/HighlandShortieSide.jpg,,,600,image-local,,"Cells next to the midrib are distinct from surrounding leaf cells. They are significantly bigger, more transparent, and stretched out in form than the surrounding leaf cells.",,juxtacostal-cells,greatly enlarged ± clear ± oblong compared to other lamina cells,,
resources/images/MCDBottom.jpg,,,600,image-local,,"Cells next to the midrib are distinct from surrounding leaf cells. They are bigger, transparent, lack bumps, and stretched out in form than the surrounding leaf cells.",,juxtacostal-cells,larger ± clear ± smooth ± oblong compared to other lamina cells,,
resources/images/MCDBottom.jpg,,,600,image-local,,"Cells next to the midrib are distinct from surrounding leaf cells in that they are bigger, longer, boxy, and stretched out in form than the surrounding leaf cells.",,juxtacostal-cells,larger ± elongate ± quadrate ± oblong compared to other lamina cells,,
resources/images/MCDBottom.jpg,,,600,image-local,,Cells next to the midrib are bigger than the surrounding leaf cells.,,juxtacostal-cells,larger compared to other lamina cells,,
resources/images/MCDBottom.jpg,,,600,image-local,,Cells next to the midrib are similar in scale and form compared to the surrounding leaf cells.,,juxtacostal-cells,same size and shape as other lamina cells,,
resources/images/Fadianthoides/Fadianthoides_APX_40x.jpg,,,600,image-local,,The tip of the leaf and ending of the midrib of Fissidens adianthoides,Fissidens adianthoides,,,,
resources/images/Fadianthoides/Fadianthoides_DCX_40x.jpg,,,600,image-local,,"A thin, profile-view slice of a leaf cut near the tip without the pocket showing leaf thickness",Fissidens adianthoides,,,,
resources/images/Fadianthoides/Fadianthoides_JC_40x.jpg,,,600,image-local,,The cells next to the midrib of Fissidens adianthoides,Fissidens adianthoides,,,,
resources/images/Fadianthoides/Fadianthoides_MGN_40x.jpg,,,600,image-local,,The leaf edge of Fissidens adianthoides,Fissidens adianthoides,,,,
resources/images/Fadianthoides/Fadianthoides_MLC_40x.jpg,,,600,image-local,,The cells in the middle of the leaf of Fissidens adianthoides,Fissidens adianthoides,,,,
resources/images/Fadianthoides/Fadianthoides_VCX_40x.jpg,,,600,image-local,,"A thin, profile-view slice of a leaf cut from the middle of the pocket leaf showing costa anatomy",Fissidens adianthoides,,,,
resources/images/Fadianthoides/Fadianthoides_VL_40x.jpg,,,600,image-local,,The tip of the pocket leaf of Fissidens adianthoides,Fissidens adianthoides,,,,
resources/images/Fadianthoides/Fadianthoides_WL_4x.jpg,,,600,image-local,,A Fissidens adianthoides leaf,Fissidens adianthoides,,,,
resources/images/Famoenus/Famoenus_APX_40x.jpg,,,600,image-local,,The tip of the leaf and ending of the midrib of Fissidens amoenus,Fissidens amoenus,,,,
resources/images/Famoenus/Famoenus_DCX_40x.jpg,,,600,image-local,,"A thin, profile-view slice of a leaf cut near the tip without the pocket showing leaf thickness",Fissidens amoenus,,,,
resources/images/Famoenus/Famoenus_JC_40x.jpg,,,600,image-local,,The cells next to the midrib of Fissidens amoenus,Fissidens amoenus,,,,
resources/images/Famoenus/Famoenus_MGN_40x.jpg,,,600,image-local,,The leaf edge of Fissidens amoenus,Fissidens amoenus,,,,
resources/images/Famoenus/Famoenus_MLC_40x.jpg,,,600,image-local,,The cells in the middle of the leaf of Fissidens amoenus,Fissidens amoenus,,,,
resources/images/Famoenus/Famoenus_VCX_40x.jpg,,,600,image-local,,"A thin, profile-view slice of a leaf cut near the tip without the pocket showing leaf thickness",Fissidens amoenus,,,,
resources/images/Famoenus/Famoenus_VL_40x.jpg,,,600,image-local,,The tip of the pocket leaf of Fissidens amoenus,Fissidens amoenus,,,,
resources/images/Famoenus/Famoenus_WL_10x.jpg,,,600,image-local,,A Fissidens amoenus leaf,Fissidens amoenus,,,,
resources/images/Faphelotaxifolius/Faphelotaxifolius_APX_40x.jpg,,,600,image-local,,The tip of the leaf and ending of the midrib of Fissidens aphelotaxifolius,Fissidens aphelotaxifolius,,,,
resources/images/Faphelotaxifolius/Faphelotaxifolius_DCX_40x.jpg,,,600,image-local,,"A thin, profile-view slice of a leaf cut near the tip without the pocket showing leaf thickness",Fissidens aphelotaxifolius,,,,
resources/images/Faphelotaxifolius/Faphelotaxifolius_JC_40x.jpg,,,600,image-local,,The cells next to the midrib of Fissidens aphelotaxifolius,Fissidens aphelotaxifolius,,,,
resources/images/Faphelotaxifolius/Faphelotaxifolius_MGN_40x.jpg,,,600,image-local,,The leaf edge of Fissidens aphelotaxifolius,Fissidens aphelotaxifolius,,,,
resources/images/Faphelotaxifolius/Faphelotaxifolius_MLC_40x.jpg,,,600,image-local,,The cells in the middle of the leaf of Fissidens aphelotaxifolius,Fissidens aphelotaxifolius,,,,
resources/images/Faphelotaxifolius/Faphelotaxifolius_VCX_40x.jpg,,,600,image-local,,"A thin, profile-view slice of a leaf cut from the middle of the pocket leaf showing costa anatomy",Fissidens aphelotaxifolius,,,,
resources/images/Faphelotaxifolius/Faphelotaxifolius_VL_40x.jpg,,,600,image-local,,The tip of the pocket leaf of Fissidens aphelotaxifolius,Fissidens aphelotaxifolius,,,,
resources/images/Faphelotaxifolius/Faphelotaxifolius_WL_4x.jpg,,,600,image-local,,A Fissidens aphelotaxifolius leaf,Fissidens aphelotaxifolius,,,,
resources/images/Fappalachensis/Fappalachensis_APX_40x.jpg,,,600,image-local,,The tip of the leaf and ending of the midrib of Fissidens appalachensis,Fissidens appalachensis,,,,
resources/images/Fappalachensis/Fappalachensis_DCX_40x.jpg,,,600,image-local,,"A thin, profile-view slice of a leaf cut near the tip without the pocket showing leaf thickness",Fissidens appalachensis,,,,
resources/images/Fappalachensis/Fappalachensis_JC_40x.jpg,,,600,image-local,,The cells next to the midrib of Fissidens appalachensis,Fissidens appalachensis,,,,
resources/images/Fappalachensis/Fappalachensis_MGN_40x.jpg,,,600,image-local,,The leaf edge of Fissidens appalachensis,Fissidens appalachensis,,,,
resources/images/Fappalachensis/Fappalachensis_MLC_40x.jpg,,,600,image-local,,The cells in the middle of the leaf of Fissidens appalachensis,Fissidens appalachensis,,,,
resources/images/Fappalachensis/Fappalachensis_VCX_40x.jpg,,,600,image-local,,"A thin, profile-view slice of a leaf cut from the middle of the pocket leaf showing costa anatomy",Fissidens appalachensis,,,,
resources/images/Fappalachensis/Fappalachensis_VL_40x.jpg,,,600,image-local,,The tip of the pocket leaf of Fissidens appalachensis,Fissidens appalachensis,,,,
resources/images/Fappalachensis/Fappalachensis_WL_4x.jpg,,,600,image-local,,A Fissidens appalachensis leaf,Fissidens appalachensis,,,,
resources/images/Farcticus/Farcticus_APX_40x.jpg,,,600,image-local,,The tip of the leaf and ending of the midrib of Fissidens arcticus,Fissidens arcticus,,,,
resources/images/Farcticus/Farcticus_DCX_40x.jpg,,,600,image-local,,"A thin, profile-view slice of a leaf cut near the tip without the pocket showing leaf thickness",Fissidens arcticus,,,,
resources/images/Farcticus/Farcticus_JC_40x.jpg,,,600,image-local,,The cells next to the midrib of Fissidens arcticus,Fissidens arcticus,,,,
resources/images/Farcticus/Farcticus_MGN_40x.jpg,,,600,image-local,,The leaf edge of Fissidens arcticus,Fissidens arcticus,,,,
resources/images/Farcticus/Farcticus_MLC_40x.jpg,,,600,image-local,,The cells in the middle of the leaf of Fissidens arcticus,Fissidens arcticus,,,,
resources/images/Farcticus/Farcticus_VCX_40x.jpg,,,600,image-local,,"A thin, profile-view slice of a leaf cut from the middle of the pocket leaf showing costa anatomy",Fissidens arcticus,,,,
resources/images/Farcticus/Farcticus_VL_40x.jpg,,,600,image-local,,The tip of the pocket leaf of Fissidens arcticus,Fissidens arcticus,,,,
resources/images/Farcticus/Farcticus_WL_10x.jpg,,,600,image-local,,A Fissidens arcticus leaf,Fissidens arcticus,,,,
resources/images/Fasplenioides/Fasplenioides_APX_40x.jpg,,,600,image-local,,The tip of the leaf and ending of the midrib of Fissidens asplenioides,Fissidens asplenioides,,,,
resources/images/Fasplenioides/Fasplenioides_DCX_40x.jpg,,,600,image-local,,"A thin, profile-view slice of a leaf cut near the tip without the pocket showing leaf thickness",Fissidens asplenioides,,,,
resources/images/Fasplenioides/Fasplenioides_JC_40x.jpg,,,600,image-local,,The cells next to the midrib of Fissidens asplenioides,Fissidens asplenioides,,,,
resources/images/Fasplenioides/Fasplenioides_MGN_40x.jpg,,,600,image-local,,The leaf edge of Fissidens asplenioides,Fissidens asplenioides,,,,
resources/images/Fasplenioides/Fasplenioides_MLC.jpg,,,600,image-local,,The cells in the middle of the leaf of Fissidens asplenioides,Fissidens asplenioides,,,,
resources/images/Fasplenioides/Fasplenioides_VCX_40x.jpg,,,600,image-local,,"A thin, profile-view slice of a leaf cut from the middle of the pocket leaf showing costa anatomy",Fissidens asplenioides,,,,
resources/images/Fasplenioides/Fasplenioides_VL_40x.jpg,,,600,image-local,,The tip of the pocket leaf of Fissidens asplenioides,Fissidens asplenioides,,,,
resources/images/Fasplenioides/Fasplenioides_WL_4x.jpg,,,600,image-local,,A Fissidens asplenioides leaf,Fissidens asplenioides,,,,
resources/images/Fbryoides/Fbryoides_APX_40x.jpg,,,600,image-local,,The tip of the leaf and ending of the midrib of Fissidens bryoides,Fissidens bryoides,,,,
resources/images/Fbryoides/Fbryoides_DCX_40x.jpg,,,600,image-local,,"A thin, profile-view slice of a leaf cut near the tip without the pocket showing leaf thickness",Fissidens bryoides,,,,
resources/images/Fbryoides/Fbryoides_JC_40x.jpg,,,600,image-local,,The cells next to the midrib of Fissidens bryoides,Fissidens bryoides,,,,
resources/images/Fbryoides/Fbryoides_MGN.jpg,,,600,image-local,,The leaf edge of Fissidens bryoides,Fissidens bryoides,,,,
resources/images/Fbryoides/Fbryoides_MLC_40x.jpg,,,600,image-local,,The cells in the middle of the leaf of Fissidens bryoides,Fissidens bryoides,,,,
resources/images/Fbryoides/Fbryoides_VCX_40x.jpg,,,600,image-local,,"A thin, profile-view slice of a leaf cut from the middle of the pocket leaf showing costa anatomy",Fissidens bryoides,,,,
resources/images/Fbryoides/Fbryoides_VL_40x.jpg,,,600,image-local,,The tip of the pocket leaf of Fissidens bryoides,Fissidens bryoides,,,,
resources/images/Fbryoides/Fbryoides_WL_10x.jpg,,,600,image-local,,A Fissidens bryoides leaf,Fissidens bryoides,,,,
resources/images/Fbushii/Fbushii_APX_40x.jpg,,,600,image-local,,The tip of the leaf and ending of the midrib of Fissidens bushii,Fissidens bushii,,,,
resources/images/Fbushii/Fbushii_DCX_40x.jpg,,,600,image-local,,"A thin, profile-view slice of a leaf cut near the tip without the pocket showing leaf thickness",Fissidens bushii,,,,
resources/images/Fbushii/Fbushii_JC_40x.jpg,,,600,image-local,,The cells next to the midrib of Fissidens bushii,Fissidens bushii,,,,
resources/images/Fbushii/Fbushii_MGN_40x.jpg,,,600,image-local,,The leaf edge of Fissidens bushii,Fissidens bushii,,,,
resources/images/Fbushii/Fbushii_MLC_40x.jpg,,,600,image-local,,The cells in the middle of the leaf of Fissidens bushii,Fissidens bushii,,,,
resources/images/Fbushii/Fbushii_VCX_40x.jpg,,,600,image-local,,"A thin, profile-view slice of a leaf cut from the middle of the pocket leaf showing costa anatomy",Fissidens bushii,,,,
resources/images/Fbushii/Fbushii_VL_40x.jpg,,,600,image-local,,The tip of the pocket leaf of Fissidens bushii,Fissidens bushii,,,,
resources/images/Fbushii/Fbushii_WL_4x.jpg,,,600,image-local,,A Fissidens bushii leaf,Fissidens bushii,,,,
resources/images/Fclosteri/Fclosteri_APX_40x.jpg,,,600,image-local,,The tip of the leaf and ending of the midrib of Fissidens closteri,Fissidens closteri,,,,
resources/images/Fclosteri/Fclosteri_DCX_40x.jpg,,,600,image-local,,"A thin, profile-view slice of a leaf cut near the tip without the pocket showing leaf thickness",Fissidens closteri,,,,
resources/images/Fclosteri/Fclosteri_JC_40x.jpg,,,600,image-local,,The cells next to the midrib of Fissidens closteri,Fissidens closteri,,,,
resources/images/Fclosteri/Fclosteri_MGN_40x.jpg,,,600,image-local,,The leaf edge of Fissidens closteri,Fissidens closteri,,,,
resources/images/Fclosteri/Fclosteri_MLC_40x.jpg,,,600,image-local,,The cells in the middle of the leaf of Fissidens closteri,Fissidens closteri,,,,
resources/images/Fclosteri/Fclosteri_VCX_40x.jpg,,,600,image-local,,"A thin, profile-view slice of a leaf cut from the middle of the pocket leaf showing costa anatomy",Fissidens closteri,,,,
resources/images/Fclosteri/Fclosteri_VL_40x.jpg,,,600,image-local,,The tip of the pocket leaf of Fissidens closteri,Fissidens closteri,,,,
resources/images/Fclosteri/Fclosteri_WL_10x.jpg,,,600,image-local,,A Fissidens closteri leaf,Fissidens closteri,,,,
resources/images/Fcrispus/Fcrispus_APX.jpg,,,600,image-local,,The tip of the leaf and ending of the midrib of Fissidens crispus,Fissidens crispus,,,,
resources/images/Fcrispus/Fcrispus_DCX_40x.jpg,,,600,image-local,,"A thin, profile-view slice of a leaf cut near the tip without the pocket showing leaf thickness",Fissidens crispus,,,,
resources/images/Fcrispus/Fcrispus_JC_40x.jpg,,,600,image-local,,The cells next to the midrib of Fissidens crispus,Fissidens crispus,,,,
resources/images/Fcrispus/Fcrispus_MGN_40x.jpg,,,600,image-local,,The leaf edge of Fissidens crispus,Fissidens crispus,,,,
resources/images/Fcrispus/Fcrispus_MLC_40x.jpg,,,600,image-local,,The cells in the middle of the leaf of Fissidens crispus,Fissidens crispus,,,,
resources/images/Fcrispus/Fcrispus_VCX_40x.jpg,,,600,image-local,,"A thin, profile-view slice of a leaf cut from the middle of the pocket leaf showing costa anatomy",Fissidens crispus,,,,
resources/images/Fcrispus/Fcrispus_VL_40x.jpg,,,600,image-local,,The tip of the pocket leaf of Fissidens crispus,Fissidens crispus,,,,
resources/images/Fcrispus/Fcrispus_WL_4x.jpg,,,600,image-local,,A Fissidens crispus leaf,Fissidens crispus,,,,
resources/images/Fcurvatus/Fcurvatus_APX_40x.jpg,,,600,image-local,,The tip of the leaf and ending of the midrib of Fissidens curvatus,Fissidens curvatus,,,,
resources/images/Fcurvatus/Fcurvatus_DCX_40x.jpg,,,600,image-local,,"A thin, profile-view slice of a leaf cut near the tip without the pocket showing leaf thickness",Fissidens curvatus,,,,
resources/images/Fcurvatus/Fcurvatus_JC_40x.jpg,,,600,image-local,,The cells next to the midrib of Fissidens curvatus,Fissidens curvatus,,,,
resources/images/Fcurvatus/Fcurvatus_MGN_40x.jpg,,,600,image-local,,The leaf edge of Fissidens curvatus,Fissidens curvatus,,,,
resources/images/Fcurvatus/Fcurvatus_MLC_40x.jpg,,,600,image-local,,The cells in the middle of the leaf of Fissidens curvatus,Fissidens curvatus,,,,
resources/images/Fcurvatus/Fcurvatus_VCX_40x.jpg,,,600,image-local,,"A thin, profile-view slice of a leaf cut from the middle of the pocket leaf showing costa anatomy",Fissidens curvatus,,,,
resources/images/Fcurvatus/Fcurvatus_VL_40x.jpg,,,600,image-local,,The tip of the pocket leaf of Fissidens curvatus,Fissidens curvatus,,,,
resources/images/Fcurvatus/Fcurvatus_WL_10x.jpg,,,600,image-local,,A Fissidens curvatus leaf,Fissidens curvatus,,,,
resources/images/Fdubius/Fdubius_APX_40x.jpg,,,600,image-local,,The tip of the leaf and ending of the midrib of Fissidens dubius,Fissidens dubius,,,,
resources/images/Fdubius/Fdubius_DCX_40x.jpg,,,600,image-local,,"A thin, profile-view slice of a leaf cut near the tip without the pocket showing leaf thickness",Fissidens dubius,,,,
resources/images/Fdubius/Fdubius_JC_40x.jpg,,,600,image-local,,The cells next to the midrib of Fissidens dubius,Fissidens dubius,,,,
resources/images/Fdubius/Fdubius_MGN_40x.jpg,,,600,image-local,,The leaf edge of Fissidens dubius,Fissidens dubius,,,,
resources/images/Fdubius/Fdubius_MLC.jpg,,,600,image-local,,The cells in the middle of the leaf of Fissidens dubius,Fissidens dubius,,,,
resources/images/Fdubius/Fdubius_VCX_40x.jpg,,,600,image-local,,"A thin, profile-view slice of a leaf cut from the middle of the pocket leaf showing costa anatomy",Fissidens dubius,,,,
resources/images/Fdubius/Fdubius_VL_40x.jpg,,,600,image-local,,The tip of the pocket leaf of Fissidens dubius,Fissidens dubius,,,,
resources/images/Fdubius/Fdubius_WL_4x.jpg,,,600,image-local,,A Fissidens dubius leaf,Fissidens dubius,,,,
resources/images/Felegans/Felegans_APX_40x.jpg,,,600,image-local,,The tip of the leaf and ending of the midrib of Fissidens elegans,Fissidens elegans,,,,
resources/images/Felegans/Felegans_DCX_40x.jpg,,,600,image-local,,"A thin, profile-view slice of a leaf cut near the tip without the pocket showing leaf thickness",Fissidens elegans,,,,
resources/images/Felegans/Felegans_JC_40x.jpg,,,600,image-local,,The cells next to the midrib of Fissidens elegans,Fissidens elegans,,,,
resources/images/Felegans/Felegans_MGN_40x.jpg,,,600,image-local,,The leaf edge of Fissidens elegans,Fissidens elegans,,,,
resources/images/Felegans/Felegans_MLC_40x.jpg,,,600,image-local,,The cells in the middle of the leaf of Fissidens elegans,Fissidens elegans,,,,
resources/images/Felegans/Felegans_VCX_40x.jpg,,,600,image-local,,"A thin, profile-view slice of a leaf cut from the middle of the pocket leaf showing costa anatomy",Fissidens elegans,,,,
resources/images/Felegans/Felegans_VL_40x.jpg,,,600,image-local,,The tip of the pocket leaf of Fissidens elegans,Fissidens elegans,,,,
resources/images/Felegans/Felegans_WL_4x.jpg,,,600,image-local,,A Fissidens elegans leaf,Fissidens elegans,,,,
resources/images/Fexilis/Fexilis_APX.jpg,,,600,image-local,,Two pictures showing the ending of the midrib and variation of the shapes of the tip of the leaf of Fissidens exilis,Fissidens exilis,,,,
resources/images/Fexilis/Fexilis_DCX_40x.jpg,,,600,image-local,,"A thin, profile-view slice of a leaf cut near the tip without the pocket showing leaf thickness",Fissidens exilis,,,,
resources/images/Fexilis/Fexilis_JC_40x.jpg,,,600,image-local,,The cells next to the midrib of Fissidens exilis,Fissidens exilis,,,,
resources/images/Fexilis/Fexilis_MGN.jpg,,,600,image-local,,The leaf edge of Fissidens exilis,Fissidens exilis,,,,
resources/images/Fexilis/Fexilis_MLC.jpg,,,600,image-local,,The cells in the middle of the leaf of Fissidens exilis,Fissidens exilis,,,,
resources/images/Fexilis/Fexilis_VCX_40x.jpg,,,600,image-local,,"A thin, profile-view slice of a leaf cut from the middle of the pocket leaf showing costa anatomy",Fissidens exilis,,,,
resources/images/Fexilis/Fexilis_VL_40x.jpg,,,600,image-local,,The tip of the pocket leaf of Fissidens exilis,Fissidens exilis,,,,
resources/images/Fexilis/Fexilis_WL_4x.jpg,,,600,image-local,,A Fissidens exilis leaf,Fissidens exilis,,,,
resources/images/Ffontanus/Ffontanus_APX_40x.jpg,,,600,image-local,,The tip of the leaf and ending of the midrib of Fissidens fontanus,Fissidens fontanus,,,,
resources/images/Ffontanus/Ffontanus_DCX_40x.jpg,,,600,image-local,,"A thin, profile-view slice of a leaf cut near the tip without the pocket showing leaf thickness",Fissidens fontanus,,,,
resources/images/Ffontanus/Ffontanus_JC_40X.jpg,,,600,image-local,,The cells next to the midrib of Fissidens fontanus,Fissidens fontanus,,,,
resources/images/Ffontanus/Ffontanus_MGN_40x.jpg,,,600,image-local,,The leaf edge of Fissidens fontanus,Fissidens fontanus,,,,
resources/images/Ffontanus/Ffontanus_MLC_40x.jpg,,,600,image-local,,The cells in the middle of the leaf of Fissidens fontanus,Fissidens fontanus,,,,
resources/images/Ffontanus/Ffontanus_VCX_40x.jpg,,,600,image-local,,"A thin, profile-view slice of a leaf cut from the middle of the pocket leaf showing costa anatomy",Fissidens fontanus,,,,
resources/images/Ffontanus/Ffontanus_VL_40x.jpg,,,600,image-local,,The tip of the pocket leaf of Fissidens fontanus,Fissidens fontanus,,,,
resources/images/Ffontanus/Ffontanus_WL_2x.jpg,,,600,image-local,,A Fissidens fontanus leaf,Fissidens fontanus,,,,
resources/images/Fgrandifrons/Fgrandifrons_APX_40x.jpg,,,600,image-local,,The tip of the leaf and ending of the midrib of Fissidens grandifrons,Fissidens grandifrons,,,,
resources/images/Fgrandifrons/Fgrandifrons_DCX_40x.jpg,,,600,image-local,,"A thin, profile-view slice of a leaf cut near the tip without the pocket showing leaf thickness",Fissidens grandifrons,,,,
resources/images/Fgrandifrons/Fgrandifrons_JC_40x.jpg,,,600,image-local,,The cells next to the midrib of Fissidens grandifrons,Fissidens grandifrons,,,,
resources/images/Fgrandifrons/Fgrandifrons_MGN_40x.jpg,,,600,image-local,,The leaf edge of Fissidens grandifrons,Fissidens grandifrons,,,,
resources/images/Fgrandifrons/Fgrandifrons_MLC_40x.jpg,,,600,image-local,,The cells in the middle of the leaf of Fissidens grandifrons,Fissidens grandifrons,,,,
resources/images/Fgrandifrons/Fgrandifrons_VCX_40x.jpg,,,600,image-local,,"A thin, profile-view slice of a leaf cut from the middle of the pocket leaf showing costa anatomy",Fissidens grandifrons,,,,
resources/images/Fgrandifrons/Fgrandifrons_VL_40x.jpg,,,600,image-local,,The tip of the pocket leaf of Fissidens grandifrons,Fissidens grandifrons,,,,
resources/images/Fgrandifrons/Fgrandifrons_WL_4x.jpg,,,600,image-local,,A Fissidens grandifrons leaf,Fissidens grandifrons,,,,
resources/images/Fhallianus/Fhallianus_APX_40x.jpg,,,600,image-local,,The tip of the leaf and ending of the midrib of Fissidens hallianus,Fissidens hallianus,,,,
resources/images/Fhallianus/Fhallianus_DCX_40x.jpg,,,600,image-local,,"A thin, profile-view slice of a leaf cut near the tip without the pocket showing leaf thickness",Fissidens hallianus,,,,
resources/images/Fhallianus/Fhallianus_JC_40x.jpg,,,600,image-local,,The cells next to the midrib of Fissidens hallianus,Fissidens hallianus,,,,
resources/images/Fhallianus/Fhallianus_MGN_40x.jpg,,,600,image-local,,The leaf edge of Fissidens hallianus,Fissidens hallianus,,,,
resources/images/Fhallianus/Fhallianus_MLC_40x.jpg,,,600,image-local,,The cells in the middle of the leaf of Fissidens hallianus,Fissidens hallianus,,,,
resources/images/Fhallianus/Fhallianus_VCX_40x.jpg,,,600,image-local,,"A thin, profile-view slice of a leaf cut from the middle of the pocket leaf showing costa anatomy",Fissidens hallianus,,,,
resources/images/Fhallianus/Fhallianus_VL_40x.jpg,,,600,image-local,,The tip of the pocket leaf of Fissidens hallianus,Fissidens hallianus,,,,
resources/images/Fhallianus/Fhallianus_WL_4x.jpg,,,600,image-local,,A Fissidens hallianus leaf,Fissidens hallianus,,,,
resources/images/Fhyalinus/Fhyalinus_APX_40x.jpg,,,600,image-local,,The tip of the leaf and ending of the midrib of Fissidens hyalinus,Fissidens hyalinus,,,,
resources/images/Fhyalinus/Fhyalinus_DCX_40x.jpg,,,600,image-local,,"A thin, profile-view slice of a leaf cut near the tip without the pocket showing leaf thickness",Fissidens hyalinus,,,,
resources/images/Fhyalinus/Fhyalinus_MGN_40x.jpg,,,600,image-local,,The cells next to the midrib of Fissidens hyalinus,Fissidens hyalinus,,,,
resources/images/Fhyalinus/Fhyalinus_MLC_40x.jpg,,,600,image-local,,The leaf edge of Fissidens hyalinus,Fissidens hyalinus,,,,
resources/images/Fhyalinus/Fhyalinus_VCX_40x.jpg,,,600,image-local,,The cells in the middle of the leaf of Fissidens hyalinus,Fissidens hyalinus,,,,
resources/images/Fhyalinus/Fhyalinus_VL_40x.jpg,,,600,image-local,,"A thin, profile-view slice of a leaf cut from the middle of the pocket leaf showing costa anatomy",Fissidens hyalinus,,,,
resources/images/Fhyalinus/Fhyalinus_WL_10x.jpg,,,600,image-local,,The tip of the pocket leaf of Fissidens hyalinus,Fissidens hyalinus,,,,
resources/images/Fleptophyllus/Fleptophyllus_APX_40x.jpg,,,600,image-local,,The tip of the leaf and ending of the midrib of Fissidens leptophyllus,Fissidens leptophyllus,,,,
resources/images/Fleptophyllus/Fleptophyllus_DCX_40x.jpg,,,600,image-local,,"A thin, profile-view slice of a leaf cut near the tip without the pocket showing leaf thickness",Fissidens leptophyllus,,,,
resources/images/Fleptophyllus/Fleptophyllus_JC_40x.jpg,,,600,image-local,,The cells next to the midrib of Fissidens leptophyllus,Fissidens leptophyllus,,,,
resources/images/Fleptophyllus/Fleptophyllus_MGN_40x.jpg,,,600,image-local,,The leaf edge of Fissidens leptophyllus,Fissidens leptophyllus,,,,
resources/images/Fleptophyllus/Fleptophyllus_MLC_40x.jpg,,,600,image-local,,The cells in the middle of the leaf of Fissidens leptophyllus,Fissidens leptophyllus,,,,
resources/images/Fleptophyllus/Fleptophyllus_VCX_40x.jpg,,,600,image-local,,"A thin, profile-view slice of a leaf cut from the middle of the pocket leaf showing costa anatomy",Fissidens leptophyllus,,,,
resources/images/Fleptophyllus/Fleptophyllus_VL_40x.jpg,,,600,image-local,,The tip of the pocket leaf of Fissidens leptophyllus,Fissidens leptophyllus,,,,
resources/images/Fleptophyllus/Fleptophyllus_WL_10x.jpg,,,600,image-local,,A Fissidens leptophyllus leaf,Fissidens leptophyllus,,,,
resources/images/Flittlei/Flittlei_APX_40x.jpg,,,600,image-local,,The tip of the leaf and ending of the midrib of Fissidens littlei,Fissidens littlei,,,,
resources/images/Flittlei/Flittlei_DCX_40x.jpg,,,600,image-local,,"A thin, profile-view slice of a leaf cut near the tip without the pocket showing leaf thickness",Fissidens littlei,,,,
resources/images/Flittlei/Flittlei_JC_40x.jpg,,,600,image-local,,The cells next to the midrib of Fissidens littlei,Fissidens littlei,,,,
resources/images/Flittlei/Flittlei_MGN_40x.jpg,,,600,image-local,,The leaf edge of Fissidens littlei,Fissidens littlei,,,,
resources/images/Flittlei/Flittlei_MLC_40x.jpg,,,600,image-local,,The cells in the middle of the leaf of Fissidens littlei,Fissidens littlei,,,,
resources/images/Flittlei/Flittlei_VCX_40x.jpg,,,600,image-local,,"A thin, profile-view slice of a leaf cut from the middle of the pocket leaf showing costa anatomy",Fissidens littlei,,,,
resources/images/Flittlei/Flittlei_VL_40x.jpg,,,600,image-local,,The tip of the pocket leaf of Fissidens littlei,Fissidens littlei,,,,
resources/images/Flittlei/Flittlei_WL_10x.jpg,,,600,image-local,,A Fissidens littlei leaf,Fissidens littlei,,,,
resources/images/Fminutulus/Fminutulus_APX_40x.jpg,,,600,image-local,,The tip of the leaf and ending of the midrib of Fissidens minutulus,Fissidens minutulus,,,,
resources/images/Fminutulus/Fminutulus_DCX_40x.jpg,,,600,image-local,,"A thin, profile-view slice of a leaf cut near the tip without the pocket showing leaf thickness",Fissidens minutulus,,,,
resources/images/Fminutulus/Fminutulus_JC_40x.jpg,,,600,image-local,,The cells next to the midrib of Fissidens minutulus,Fissidens minutulus,,,,
resources/images/Fminutulus/Fminutulus_MGN_40x.jpg,,,600,image-local,,The leaf edge of Fissidens minutulus,Fissidens minutulus,,,,
resources/images/Fminutulus/Fminutulus_MLC_40x.jpg,,,600,image-local,,The cells in the middle of the leaf of Fissidens minutulus,Fissidens minutulus,,,,
resources/images/Fminutulus/Fminutulus_VCX_40x.jpg,,,600,image-local,,"A thin, profile-view slice of a leaf cut from the middle of the pocket leaf showing costa anatomy",Fissidens minutulus,,,,
resources/images/Fminutulus/Fminutulus_VL_40x.jpg,,,600,image-local,,The tip of the pocket leaf of Fissidens minutulus,Fissidens minutulus,,,,
resources/images/Fminutulus/Fminutulus_WL_10x.jpg,,,600,image-local,,A Fissidens minutulus leaf,Fissidens minutulus,,,,
resources/images/Fobtusifolius/Fobtusifolius_APX_40x.jpg,,,600,image-local,,The tip of the leaf and ending of the midrib of Fissidens obtusifolius,Fissidens obtusifolius,,,,
resources/images/Fobtusifolius/Fobtusifolius_DCX_40x.jpg,,,600,image-local,,"A thin, profile-view slice of a leaf cut near the tip without the pocket showing leaf thickness",Fissidens obtusifolius,,,,
resources/images/Fobtusifolius/Fobtusifolius_JC_40x.jpg,,,600,image-local,,The cells next to the midrib of Fissidens obtusifolius,Fissidens obtusifolius,,,,
resources/images/Fobtusifolius/Fobtusifolius_MGN_40x.jpg,,,600,image-local,,The leaf edge of Fissidens obtusifolius,Fissidens obtusifolius,,,,
resources/images/Fobtusifolius/Fobtusifolius_MLC_40x.jpg,,,600,image-local,,The cells in the middle of the leaf of Fissidens obtusifolius,Fissidens obtusifolius,,,,
resources/images/Fobtusifolius/Fobtusifolius_VCX_40x.jpg,,,600,image-local,,"A thin, profile-view slice of a leaf cut from the middle of the pocket leaf showing costa anatomy",Fissidens obtusifolius,,,,
resources/images/Fobtusifolius/Fobtusifolius_VL_40x.jpg,,,600,image-local,,The tip of the pocket leaf of Fissidens obtusifolius,Fissidens obtusifolius,,,,
resources/images/Fobtusifolius/Fobtusifolius_WL_10x.jpg,,,600,image-local,,A Fissidens obtusifolius leaf,Fissidens obtusifolius,,,,
resources/images/Fosmundioides/Fosmundioides_APX_40x.jpg,,,600,image-local,,The tip of the leaf and ending of the midrib of Fissidens osmundioides,Fissidens osmundioides,,,,
resources/images/Fosmundioides/Fosmundioides_DCX_40x.jpg,,,600,image-local,,"A thin, profile-view slice of a leaf cut near the tip without the pocket showing leaf thickness",Fissidens osmundioides,,,,
resources/images/Fosmundioides/Fosmundioides_JC_40x.jpg,,,600,image-local,,The cells next to the midrib of Fissidens osmundioides,Fissidens osmundioides,,,,
resources/images/Fosmundioides/Fosmundioides_MGN_40x.jpg,,,600,image-local,,The leaf edge of Fissidens osmundioides,Fissidens osmundioides,,,,
resources/images/Fosmundioides/Fosmundioides_MLC_40x.jpg,,,600,image-local,,The cells in the middle of the leaf of Fissidens osmundioides,Fissidens osmundioides,,,,
resources/images/Fosmundioides/Fosmundioides_VCX_40x.jpg,,,600,image-local,,"A thin, profile-view slice of a leaf cut from the middle of the pocket leaf showing costa anatomy",Fissidens osmundioides,,,,
resources/images/Fosmundioides/Fosmundioides_VL_40x.jpg,,,600,image-local,,The tip of the pocket leaf of Fissidens osmundioides,Fissidens osmundioides,,,,
resources/images/Fosmundioides/Fosmundioides_WL_4x.jpg,,,600,image-local,,A Fissidens osmundioides leaf,Fissidens osmundioides,,,,
resources/images/Fpallidinervis/Fpallidinervis_APX_40x.jpg,,,600,image-local,,The tip of the leaf and ending of the midrib of Fissidens pallidinervis,Fissidens pallidinervis,,,,
resources/images/Fpallidinervis/Fpallidinervis_DCX_40x.jpg,,,600,image-local,,"A thin, profile-view slice of a leaf cut near the tip without the pocket showing leaf thickness",Fissidens pallidinervis,,,,
resources/images/Fpallidinervis/Fpallidinervis_JC_40x.jpg,,,600,image-local,,The cells next to the midrib of Fissidens pallidinervis,Fissidens pallidinervis,,,,
resources/images/Fpallidinervis/Fpallidinervis_MGN_40x.jpg,,,600,image-local,,The leaf edge of Fissidens pallidinervis,Fissidens pallidinervis,,,,
resources/images/Fpallidinervis/Fpallidinervis_MLC_40x.jpg,,,600,image-local,,The cells in the middle of the leaf of Fissidens pallidinervis,Fissidens pallidinervis,,,,
resources/images/Fpallidinervis/Fpallidinervis_VCX_40x.jpg,,,600,image-local,,"A thin, profile-view slice of a leaf cut from the middle of the pocket leaf showing costa anatomy",Fissidens pallidinervis,,,,
resources/images/Fpallidinervis/Fpallidinervis_VL_40x.jpg,,,600,image-local,,The tip of the pocket leaf of Fissidens pallidinervis,Fissidens pallidinervis,,,,
resources/images/Fpallidinervis/Fpallidinervis_WL_10x.jpg,,,600,image-local,,A Fissidens pallidinervis leaf,Fissidens pallidinervis,,,,
resources/images/Fpauperculus/Fpauperculus__APX_40x.jpg,,,600,image-local,,The tip of the leaf and ending of the midrib of Fissidens pauperculus,Fissidens pauperculus,,,,
resources/images/Fpauperculus/Fpauperculus_DCX_40x.jpg,,,600,image-local,,"A thin, profile-view slice of a leaf cut near the tip without the pocket showing leaf thickness",Fissidens pauperculus,,,,
resources/images/Fpauperculus/Fpauperculus_JC_40x.jpg,,,600,image-local,,The cells next to the midrib of Fissidens pauperculus,Fissidens pauperculus,,,,
resources/images/Fpauperculus/Fpauperculus_MGN_40x.jpg,,,600,image-local,,The leaf edge of Fissidens pauperculus,Fissidens pauperculus,,,,
resources/images/Fpauperculus/Fpauperculus_MLC_40x.jpg,,,600,image-local,,The cells in the middle of the leaf of Fissidens pauperculus,Fissidens pauperculus,,,,
resources/images/Fpauperculus/Fpauperculus_VCX_40x.jpg,,,600,image-local,,"A thin, profile-view slice of a leaf cut from the middle of the pocket leaf showing costa anatomy",Fissidens pauperculus,,,,
resources/images/Fpauperculus/Fpauperculus_VL_40x.jpg,,,600,image-local,,The tip of the pocket leaf of Fissidens pauperculus,Fissidens pauperculus,,,,
resources/images/Fpauperculus/Fpauperculus_WL_10x.jpg,,,600,image-local,,A Fissidens pauperculus leaf,Fissidens pauperculus,,,,
resources/images/Fpellucidus/Fpellucidus_APX_40x.jpg,,,600,image-local,,The tip of the leaf and ending of the midrib of Fissidens pellucidus,Fissidens pellucidus,,,,
resources/images/Fpellucidus/Fpellucidus_DCX_40x.jpg,,,600,image-local,,"A thin, profile-view slice of a leaf cut near the tip without the pocket showing leaf thickness",Fissidens pellucidus,,,,
resources/images/Fpellucidus/Fpellucidus_JC_40x.jpg,,,600,image-local,,The cells next to the midrib of Fissidens pellucidus,Fissidens pellucidus,,,,
resources/images/Fpellucidus/Fpellucidus_MGN_40x.jpg,,,600,image-local,,The leaf edge of Fissidens pellucidus,Fissidens pellucidus,,,,
resources/images/Fpellucidus/Fpellucidus_MLC_40x.jpg,,,600,image-local,,The cells in the middle of the leaf of Fissidens pellucidus,Fissidens pellucidus,,,,
resources/images/Fpellucidus/Fpellucidus_VCX_40x.jpg,,,600,image-local,,"A thin, profile-view slice of a leaf cut from the middle of the pocket leaf showing costa anatomy",Fissidens pellucidus,,,,
resources/images/Fpellucidus/Fpellucidus_VL_40x.jpg,,,600,image-local,,The tip of the pocket leaf of Fissidens pellucidus,Fissidens pellucidus,,,,
resources/images/Fpellucidus/Fpellucidus_WL_10x.jpg,,,600,image-local,,A Fissidens pellucidus leaf,Fissidens pellucidus,,,,
resources/images/Fpolypodioides/Fpolypodioides_APX.jpg,,,600,image-local,,The tip of the leaf and ending of the midrib of Fissidens polypodioides,Fissidens polypodioides,,,,
resources/images/Fpolypodioides/Fpolypodioides_DCX_40x.jpg,,,600,image-local,,"A thin, profile-view slice of a leaf cut near the tip without the pocket showing leaf thickness",Fissidens polypodioides,,,,
resources/images/Fpolypodioides/Fpolypodioides_JC_40x.jpg,,,600,image-local,,The cells next to the midrib of Fissidens polypodioides,Fissidens polypodioides,,,,
resources/images/Fpolypodioides/Fpolypodioides_MGN.jpg,,,600,image-local,,The leaf edge of Fissidens polypodioides,Fissidens polypodioides,,,,
resources/images/Fpolypodioides/Fpolypodioides_VCX_40x.jpg,,,600,image-local,,The cells in the middle of the leaf of Fissidens polypodioides,Fissidens polypodioides,,,,
resources/images/Fpolypodioides/Fpolypodioides_VL_10x.jpg,,,600,image-local,,"A thin, profile-view slice of a leaf cut from the middle of the pocket leaf showing costa anatomy",Fissidens polypodioides,,,,
resources/images/Fpolypodioides/Fpolypodioides_WL_2x.jpg,,,600,image-local,,The tip of the pocket leaf of Fissidens polypodioides,Fissidens polypodioides,,,,
resources/images/Fpolypodioides/Fpolypodoides_MLC_40x.jpg,,,600,image-local,,A Fissidens polypodioides leaf,Fissidens polypodioides,,,,
resources/images/Fsantaclarensis/Fsantaclarensis_APX_40x.jpg,,,600,image-local,,Two pictures showing the ending of the midrib and variation of the shapes of the tip of the leaf of Fissidens santa-clarensis,Fissidens santa-clarensis,,,,
resources/images/Fsantaclarensis/Fsantaclarensis_DCX_40x.jpg,,,600,image-local,,"A thin, profile-view slice of a leaf cut near the tip without the pocket showing leaf thickness",Fissidens santa-clarensis,,,,
resources/images/Fsantaclarensis/Fsantaclarensis_JC_40x.jpg,,,600,image-local,,The cells next to the midrib of Fissidens santa-clarensis,Fissidens santa-clarensis,,,,
resources/images/Fsantaclarensis/Fsantaclarensis_MGN_40x.jpg,,,600,image-local,,The leaf edge of Fissidens santa-clarensis,Fissidens santa-clarensis,,,,
resources/images/Fsantaclarensis/Fsantaclarensis_MLC_40x.jpg,,,600,image-local,,The cells in the middle of the leaf of Fissidens santa-clarensis,Fissidens santa-clarensis,,,,
resources/images/Fsantaclarensis/Fsantaclarensis_VCX_40x.jpg,,,600,image-local,,"A thin, profile-view slice of a leaf cut from the middle of the pocket leaf showing costa anatomy",Fissidens santa-clarensis,,,,
resources/images/Fsantaclarensis/Fsantaclarensis_VL_40x.jpg,,,600,image-local,,The tip of the pocket leaf of Fissidens santa-clarensis,Fissidens santa-clarensis,,,,
resources/images/Fsantaclarensis/Fsantaclarensis_WL_10x.jpg,,,600,image-local,,A Fissidens santa-clarensis leaf,Fissidens santa-clarensis,,,,
resources/images/Fscalaris/Fscalaris_APX_40x.jpg,,,600,image-local,,The tip of the leaf and ending of the midrib of Fissidens scalaris,Fissidens scalaris,,,,
resources/images/Fscalaris/Fscalaris_DCX_40x.jpg,,,600,image-local,,"A thin, profile-view slice of a leaf cut near the tip without the pocket showing leaf thickness",Fissidens scalaris,,,,
resources/images/Fscalaris/Fscalaris_JC_40x.jpg,,,600,image-local,,The cells next to the midrib of Fissidens scalaris,Fissidens scalaris,,,,
resources/images/Fscalaris/Fscalaris_MGN_40x.jpg,,,600,image-local,,The leaf edge of Fissidens scalaris,Fissidens scalaris,,,,
resources/images/Fscalaris/Fscalaris_MLC_40x.jpg,,,600,image-local,,The cells in the middle of the leaf of Fissidens scalaris,Fissidens scalaris,,,,
resources/images/Fscalaris/Fscalaris_VCX_40x.jpg,,,600,image-local,,"A thin, profile-view slice of a leaf cut from the middle of the pocket leaf showing costa anatomy",Fissidens scalaris,,,,
resources/images/Fscalaris/Fscalaris_VL_40x.jpg,,,600,image-local,,The tip of the pocket leaf of Fissidens scalaris,Fissidens scalaris,,,,
resources/images/Fscalaris/Fscalaris_WL_10x.jpg,,,600,image-local,,A Fissidens scalaris leaf,Fissidens scalaris,,,,
resources/images/Fserratus/Fserratus_APX_40x.jpg,,,600,image-local,,The tip of the leaf and ending of the midrib of Fissidens serratus,Fissidens serratus,,,,
resources/images/Fserratus/Fserratus_DCX_40x.jpg,,,600,image-local,,"A thin, profile-view slice of a leaf cut near the tip without the pocket showing leaf thickness",Fissidens serratus,,,,
resources/images/Fserratus/Fserratus_JC_40x.jpg,,,600,image-local,,The cells next to the midrib of Fissidens serratus,Fissidens serratus,,,,
resources/images/Fserratus/Fserratus_MGN_40x.jpg,,,600,image-local,,The leaf edge of Fissidens serratus,Fissidens serratus,,,,
resources/images/Fserratus/Fserratus_MLC_40x.jpg,,,600,image-local,,The cells in the middle of the leaf of Fissidens serratus,Fissidens serratus,,,,
resources/images/Fserratus/Fserratus_VCX_40x.jpg,,,600,image-local,,"A thin, profile-view slice of a leaf cut from the middle of the pocket leaf showing costa anatomy",Fissidens serratus,,,,
resources/images/Fserratus/Fserratus_VL_40x.jpg,,,600,image-local,,The tip of the pocket leaf of Fissidens serratus,Fissidens serratus,,,,
resources/images/Fserratus/Fserratus_WL_4x.jpg,,,600,image-local,,A Fissidens serratus leaf,Fissidens serratus,,,,
resources/images/Fsubbasilaris/Fsubbasilaris_APX_40x.jpg,,,600,image-local,,The tip of the leaf and ending of the midrib of Fissidens subbasilaris,Fissidens subbasilaris,,,,
resources/images/Fsubbasilaris/Fsubbasilaris_DCX_40x.jpg,,,600,image-local,,"A thin, profile-view slice of a leaf cut near the tip without the pocket showing leaf thickness",Fissidens subbasilaris,,,,
resources/images/Fsubbasilaris/Fsubbasilaris_JC_40x.jpg,,,600,image-local,,The cells next to the midrib of Fissidens subbasilaris,Fissidens subbasilaris,,,,
resources/images/Fsubbasilaris/Fsubbasilaris_MGN_40x.jpg,,,600,image-local,,The leaf edge of Fissidens subbasilaris,Fissidens subbasilaris,,,,
resources/images/Fsubbasilaris/Fsubbasilaris_MLC_40x.jpg,,,600,image-local,,The cells in the middle of the leaf of Fissidens subbasilaris,Fissidens subbasilaris,,,,
resources/images/Fsubbasilaris/Fsubbasilaris_VCX_40x.jpg,,,600,image-local,,"A thin, profile-view slice of a leaf cut from the middle of the pocket leaf showing costa anatomy",Fissidens subbasilaris,,,,
resources/images/Fsubbasilaris/Fsubbasilaris_VL_40x.jpg,,,600,image-local,,The tip of the pocket leaf of Fissidens subbasilaris,Fissidens subbasilaris,,,,
resources/images/Fsubbasilaris/Fsubbasilaris_WL_10x.jpg,,,600,image-local,,A Fissidens subbasilaris leaf,Fissidens subbasilaris,,,,
resources/images/Fsublimbatus/Fsublimbatus_APX_40x.jpg,,,600,image-local,,The tip of the leaf and ending of the midrib of Fissidens sublimbatus,Fissidens sublimbatus,,,,
resources/images/Fsublimbatus/Fsublimbatus_DCX_40x.jpg,,,600,image-local,,"A thin, profile-view slice of a leaf cut near the tip without the pocket showing leaf thickness",Fissidens sublimbatus,,,,
resources/images/Fsublimbatus/Fsublimbatus_JC_40x.jpg,,,600,image-local,,The cells next to the midrib of Fissidens sublimbatus,Fissidens sublimbatus,,,,
resources/images/Fsublimbatus/Fsublimbatus_MGN_40x.jpg,,,600,image-local,,The leaf edge of Fissidens sublimbatus,Fissidens sublimbatus,,,,
resources/images/Fsublimbatus/Fsublimbatus_MLC_40x.jpg,,,600,image-local,,The cells in the middle of the leaf of Fissidens sublimbatus,Fissidens sublimbatus,,,,
resources/images/Fsublimbatus/Fsublimbatus_VCX_40x.jpg,,,600,image-local,,"A thin, profile-view slice of a leaf cut from the middle of the pocket leaf showing costa anatomy",Fissidens sublimbatus,,,,
resources/images/Fsublimbatus/Fsublimbatus_VL_40x.jpg,,,600,image-local,,The tip of the pocket leaf of Fissidens sublimbatus,Fissidens sublimbatus,,,,
resources/images/Fsublimbatus/Fsublimbatus_WL_10x.jpg,,,600,image-local,,A Fissidens sublimbatus leaf,Fissidens sublimbatus,,,,
resources/images/Fsubmarginatus/Fsubmarginatus_APX_40x.jpg,,,600,image-local,,The tip of the leaf and ending of the midrib of Fissidens submarginatus,Fissidens submarginatus,,,,
resources/images/Fsubmarginatus/Fsubmarginatus_DCX_40x.jpg,,,600,image-local,,"A thin, profile-view slice of a leaf cut near the tip without the pocket showing leaf thickness",Fissidens submarginatus,,,,
resources/images/Fsubmarginatus/Fsubmarginatus_JC_40x.jpg,,,600,image-local,,The cells next to the midrib of Fissidens submarginatus,Fissidens submarginatus,,,,
resources/images/Fsubmarginatus/Fsubmarginatus_MGN_40x.jpg,,,600,image-local,,The leaf edge of Fissidens submarginatus,Fissidens submarginatus,,,,
resources/images/Fsubmarginatus/Fsubmarginatus_MLC_40x.jpg,,,600,image-local,,The cells in the middle of the leaf of Fissidens submarginatus,Fissidens submarginatus,,,,
resources/images/Fsubmarginatus/Fsubmarginatus_VCX_40x.jpg,,,600,image-local,,"A thin, profile-view slice of a leaf cut from the middle of the pocket leaf showing costa anatomy",Fissidens submarginatus,,,,
resources/images/Fsubmarginatus/Fsubmarginatus_VL_40x.jpg,,,600,image-local,,The tip of the pocket leaf of Fissidens submarginatus,Fissidens submarginatus,,,,
resources/images/Fsubmarginatus/Fsubmarginatus_WL_10x.jpg,,,600,image-local,,A Fissidens submarginatus leaf,Fissidens submarginatus,,,,
resources/images/Ftaxifolius/Ftaxifolius_APX_40x.jpg,,,600,image-local,,The tip of the leaf and ending of the midrib of Fissidens taxifolius,Fissidens taxifolius,,,,
resources/images/Ftaxifolius/Ftaxifolius_DCX_40x.jpg,,,600,image-local,,"A thin, profile-view slice of a leaf cut near the tip without the pocket showing leaf thickness",Fissidens taxifolius,,,,
resources/images/Ftaxifolius/Ftaxifolius_JC_40x.jpg,,,600,image-local,,The cells next to the midrib of Fissidens taxifolius,Fissidens taxifolius,,,,
resources/images/Ftaxifolius/Ftaxifolius_MGN_40x.jpg,,,600,image-local,,The leaf edge of Fissidens taxifolius,Fissidens taxifolius,,,,
resources/images/Ftaxifolius/Ftaxifolius_MLC_40x.jpg,,,600,image-local,,The cells in the middle of the leaf of Fissidens taxifolius,Fissidens taxifolius,,,,
resources/images/Ftaxifolius/Ftaxifolius_VCX_40x.jpg,,,600,image-local,,"A thin, profile-view slice of a leaf cut from the middle of the pocket leaf showing costa anatomy",Fissidens taxifolius,,,,
resources/images/Ftaxifolius/Ftaxifolius_VL_40x.jpg,,,600,image-local,,The tip of the pocket leaf of Fissidens taxifolius,Fissidens taxifolius,,,,
resources/images/Ftaxifolius/Ftaxifolius_WL_40x.jpg,,,600,image-local,,A Fissidens taxifolius leaf,Fissidens taxifolius,,,,
resources/images/Ftaylorii/Ftaylorii_APX_40x.jpg,,,600,image-local,,The tip of the leaf and ending of the midrib of Fissidens taylorii,Fissidens taylorii,,,,
resources/images/Ftaylorii/Ftaylorii_DCX_40x.jpg,,,600,image-local,,"A thin, profile-view slice of a leaf cut near the tip without the pocket showing leaf thickness",Fissidens taylorii,,,,
resources/images/Ftaylorii/Ftaylorii_JC_40x.jpg,,,600,image-local,,The cells next to the midrib of Fissidens taylorii,Fissidens taylorii,,,,
resources/images/Ftaylorii/Ftaylorii_MGN_40x.jpg,,,600,image-local,,The leaf edge of Fissidens taylorii,Fissidens taylorii,,,,
resources/images/Ftaylorii/Ftaylorii_MLC_40x.jpg,,,600,image-local,,The cells in the middle of the leaf of Fissidens taylorii,Fissidens taylorii,,,,
resources/images/Ftaylorii/Ftaylorii_VCX_40x.jpg,,,600,image-local,,"A thin, profile-view slice of a leaf cut from the middle of the pocket leaf showing costa anatomy",Fissidens taylorii,,,,
resources/images/Ftaylorii/Ftaylorii_VL_40x.jpg,,,600,image-local,,The tip of the pocket leaf of Fissidens taylorii,Fissidens taylorii,,,,
resources/images/Ftaylorii/Ftaylorii_WL_10x.jpg,,,600,image-local,,A Fissidens taylorii leaf,Fissidens taylorii,,,,
resources/images/Fventricosus/Fventricosus_APX_40x.jpg,,,600,image-local,,The tip of the leaf and ending of the midrib of Fissidens ventricosus,Fissidens ventricosus,,,,
resources/images/Fventricosus/Fventricosus_DCX_40x.jpg,,,600,image-local,,"A thin, profile-view slice of a leaf cut near the tip without the pocket showing leaf thickness",Fissidens ventricosus,,,,
resources/images/Fventricosus/Fventricosus_JC_40x.jpg,,,600,image-local,,The cells next to the midrib of Fissidens ventricosus,Fissidens ventricosus,,,,
resources/images/Fventricosus/Fventricosus_MGN_40x.jpg,,,600,image-local,,The leaf edge of Fissidens ventricosus,Fissidens ventricosus,,,,
resources/images/Fventricosus/Fventricosus_MLC_40x.jpg,,,600,image-local,,The cells in the middle of the leaf of Fissidens ventricosus,Fissidens ventricosus,,,,
resources/images/Fventricosus/Fventricosus_VCX_40x.jpg,,,600,image-local,,"A thin, profile-view slice of a leaf cut from the middle of the pocket leaf showing costa anatomy",Fissidens ventricosus,,,,
resources/images/Fventricosus/Fventricosus_VL_40x.jpg,,,600,image-local,,The tip of the pocket leaf of Fissidens ventricosus,Fissidens ventricosus,,,,
resources/images/Fventricosus/Fventricosus_WL_4x.jpg,,,600,image-local,,A Fissidens ventricosus leaf,Fissidens ventricosus,,,,
resources/images/Fzollingeri/Fzollingeri_APX_40x.jpg,,,600,image-local,,The tip of the leaf and ending of the midrib of Fissidens zollingeri,Fissidens zollingeri,,,,
resources/images/Fzollingeri/Fzollingeri_DCX_40x.jpg,,,600,image-local,,"A thin, profile-view slice of a leaf cut near the tip without the pocket showing leaf thickness",Fissidens zollingeri,,,,
resources/images/Fzollingeri/Fzollingeri_JC_40x.jpg,,,600,image-local,,The cells next to the midrib of Fissidens zollingeri,Fissidens zollingeri,,,,
resources/images/Fzollingeri/Fzollingeri_MGN.jpg,,,600,image-local,,The leaf edge of Fissidens zollinger,Fissidens zollingeri,,,,
resources/images/Fzollingeri/Fzollingeri_MLC.jpg,,,600,image-local,,The cells in the middle of the leaf of Fissidens zollingeri,Fissidens zollingeri,,,,
resources/images/Fzollingeri/Fzollingeri_VCX.jpg,,,600,image-local,,"A thin, profile-view slice of a leaf cut from the middle of the pocket leaf showing costa anatomy",Fissidens zollingeri,,,,
resources/images/Fzollingeri/Fzollingeri_VL_40x.jpg,,,600,image-local,,The tip of the pocket leaf of Fissidens zollingeri,Fissidens zollingeri,,,,
resources/images/Fzollingeri/Fzollingeri_WL_10x.jpg,,,600,image-local,,A Fissidens zollingeri leaf,Fissidens zollingeri,,,,
resources/images/Fhyalinus/Fhyalinus_WL_10x.jpg,,,600,image-local,,Costa example,,costa,,"full,tip",
resources/images/Fpolypodioides/Fpolypodioides_WL_2x.jpg,,,600,image-local,,Vaginate lamina length example,,vaginate-lamina-length,,"full,tip",
resources/images/Fserratus/Fserratus_WL_4x.jpg,,,600,image-local,,Vaginate lamina alignment example,,vaginate-lamina-alignment,,"full,tip",
resources/images/Fserratus/Fserratus_WL_4x.jpg,,,600,image-local,,Minor vaginate lamina apex example,,vaginate-lamina-minor-lamina-apex,,"full,tip",
resources/images/Fpauperculus/Fpauperculus_MGN_40x.jpg,,,600,image-local,,Lamina margin example,,lamina-margin,,"full,tip",
resources/images/Fsubmarginatus/Fsubmarginatus_WL_10x.jpg,,,600,image-local,,Limbidium example,,limbidium,,"full,tip",
resources/images/Fserratus/Fserratus_APX_40x.jpg,,,600,image-local,,Costa apex ending example,,costa-apex-ending,,"full,tip",
resources/images/Fclosteri/Fclosteri_VCX_40x.jpg,,,600,image-local,,Costa anatomy example,,costa-anatomy,,"full,tip",
resources/images/Faphelotaxifolius/Faphelotaxifolius_DCX_40x.jpg,,,600,image-local,,Lamina cell thickness example,,lamina-cell-thickness,,"full,tip",
resources/images/Fpauperculus/Fpauperculus_MLC_40x.jpg,,,600,image-local,,Lamina cell ornamentation example,,lamina-cell-ornamentation,,"full,tip",
resources/images/Fpauperculus/Fpauperculus_MLC_40x.jpg,,,600,image-local,,Lamina cell shape example,,lamina-cell-shape,,"full,tip",
resources/images/Fpauperculus/Fpauperculus_JC_40x.jpg,,,600,image-local,,Juxtacostal cells example,,juxtacostal-cells,,"full,tip",
