Taxon,costa,vaginate-lamina-length,vaginate-lamina-alignment,vaginate-lamina-minor-lamina-apex,lamina-margin,limbidium,costa-apex-ending,costa-anatomy,lamina-cell-thickness,lamina-cell-ornamentation,lamina-cell-shape,juxtacostal-cells
Fissidens adianthoides,Costate,± 1/2 leaf length | ± 3/5 leaf length,± equal,ending on or near margin,± crenulate | serrulate ,Elimbate,2-6 cells before leaf apex | 3-10 cells before leaf apex | ± percurrent,taxifolius-type,1-stratose | infrequently 2-stratose,Smooth ± plane,±  quadrate | ± hexagonal,larger ± clear ± smooth ± oblong compared to other lamina cells
Fissidens ventricosus,Costate,± 1/2 leaf length | ± 2/3 leaf length,± equal,ending on or near margin | ending between margin and costa | ending on or near costa,± entire,Limbate on all laminae,2-6 cells before leaf apex | 3-10 cells before leaf apex | ± percurrent,bryoides-type,1-stratose | infrequently 2-stratose,Smooth ± bulging ,±  quadrate | ± hexagonal,same size and shape as other lamina cells
Fissidens obtusifolius,Costate,± 1/2 leaf length | ± 4/5 leaf length,± equal,ending on or near margin,± entire,Elimbate | Limbate on all laminae | Limbidium confined to vaginant laminae,2-6 cells before leaf apex | 3-10 cells before leaf apex | 6-16+ cells before leaf apex,bryoides-type,1-stratose,Smooth ± bulging ,±  quadrate | ± hexagonal,same size and shape as other lamina cells
Fissidens hallianus,Costate,± 1/2 leaf length | ± 2/3 leaf length,± equal,ending on or near margin ,± entire ,Elimbate | Limbidium confined to vaginant laminae,2-6 cells before leaf apex | 3-10 cells before leaf apex | 6-16+ cells before leaf apex,bryoides-type,2- to pluristratose,Smooth ± plane,±  quadrate | ± hexagonal,same size and shape as other lamina cells
Fissidens littlei,Costate,± 1/2 leaf length | ± 2/3 leaf length,± equal,ending on or near margin,± entire | ± crenulate,Elimbate,3-10 cells before leaf apex,bryoides-type,1-stratose,Mammillose,±  quadrate | ± hexagonal,same size and shape as other lamina cells
Fissidens grandifrons,Costate,± 1/2 leaf length | ± 2/3 leaf length,± equal,ending on or near margin | ending between margin and costa | ending on or near costa,± entire | ± crenulate,Elimbate,2-6 cells before leaf apex | 3-10 cells before leaf apex,taxifolius-type,2- to pluristratose,Smooth ± plane,±  quadrate | ± hexagonal,same size and shape as other lamina cells
Fissidens aphelotaxifolius,Costate,± 1/2 leaf length,± equal,ending on or near margin,± entire | ± crenulate,Elimbate,3-10 cells before leaf apex | ± excurrent,taxifolius-type,1-stratose,Smooth ± bulging ,±  quadrate | ± hexagonal,larger compared to other lamina cells
Fissidens scalaris,Costate,± 4/5 leaf length,± equal,ending on or near margin,± entire | crenulate-serrulate,Limbate on all laminae | Limbidium confined to vaginant laminae,2-6 cells before leaf apex | 3-10 cells before leaf apex | ± percurrent,bryoides-type,1-stratose,Smooth ± bulging ,±  quadrate | ± hexagonal,same size and shape as other lamina cells
Fissidens amoenus,Costate,± 1/2 leaf length,± unequal,ending on or near margin,± entire | crenulate-serrulate,Elimbate | Limbidium confined to vaginant laminae,3-10 cells before leaf apex | ± percurrent,bryoides-type,1-stratose,Smooth ± bulging ,±  quadrate | ± hexagonal,larger ± clear ± smooth ± oblong compared to other lamina cells
Fissidens exilis,Costate,± 2/5 leaf length,± unequal,ending on or near costa ,± entire | crenulate-serrulate,Elimbate,2-6 cells before leaf apex | 3-10 cells before leaf apex | ± percurrent,bryoides-type,1-stratose | infrequently 2-stratose | 2-stratose | 2- to pluristratose,Smooth ± plane,±  quadrate | ± hexagonal,same size and shape as other lamina cells
Fissidens minutulus,Costate,± 1/2 leaf length,± equal,ending on or near margin,± entire | denticulate,Limbate on all laminae,2-6 cells before leaf apex | 3-10 cells before leaf apex | ± percurrent,bryoides-type,1-stratose,Smooth ± bulging,±  quadrate | ± hexagonal,same size and shape as other lamina cells
Fissidens arcticus,Costate,± 1/2 leaf length | ± 3/4 leaf length,± equal,ending on or near margin,± entire | serrate ,Limbate on all laminae | Limbidium confined to vaginant laminae,2-6 cells before leaf apex | 3-10 cells before leaf apex,bryoides-type,1-stratose,Smooth ± bulging ,±  quadrate | ± hexagonal,same size and shape as other lamina cells
Fissidens serratus,Costate,± 1/2 leaf length,± equal,ending on or near margin,± entire | serrate ,Elimbate | Limbidium confined to vaginant laminae,1 cell before leaf apex | 2-6 cells before leaf apex | ± percurrent ,bryoides-type,1-stratose,Mammilllose,±  quadrate | ± hexagonal,same size and shape as other lamina cells
Fissidens crispus,Costate,± 2/3 leaf length | ± 3/4 leaf length,± equal,ending on or near margin | ending between margin and costa | ending on or near costa,± entire | serrulate ,Limbate on all laminae,2-6 cells before leaf apex | 3-10 cells before leaf apex | ± percurrent | ± excurrent ,bryoides-type,1-stratose,Smooth ± bulging ,±  quadrate | ± hexagonal,same size and shape as other lamina cells
Fissidens submarginatus,Costate,± 1/2 leaf length,± equal,ending on or near margin | ending between margin and costa | ending on or near costa,± entire | serrulate ,Limbidium confined to vaginant laminae,2-6 cells before leaf apex | 3-10 cells before leaf apex | ± percurrent,bryoides-type,1-stratose,Mammillose,±  quadrate | ± hexagonal,same size and shape as other lamina cells
Fissidens sublimbatus,Costate,± 1/2 leaf length | ± 3/4 leaf length,± equal,ending on or near margin,± entire | serrulate ,Limbate on all laminae | Limbidium confined to vaginant laminae,2-6 cells before leaf apex | 3-10 cells before leaf apex | ± percurrent,bryoides-type,1-stratose,Smooth ± bulging ,"±  quadrate | hexagonal, in transverse section usually twice as deep as wide",same size and shape as other lamina cells
Fissidens pallidinervis,Costate,± 1/2 leaf length | ± 2/3 leaf length,± unequal,ending on or near margin,± entire | serrulate ,Elimbate | Limbidium confined to vaginant laminae,3-10 cells before leaf apex | 6-16+ cells before leaf apex ,bryoides-type,1-stratose,Pluripapillose,"±  quadrate | hexagonal, in transverse section usually twice as deep as wide",same size and shape as other lamina cells
Fissidens closteri,Costate,± 2/3 leaf length,± unequal,ending on or near costa ,± entire,Elimbate,1 cell before leaf apex | 2-6 cells before leaf apex | ± percurrent ,bryoides-type | taxifolius-type | oblongifolius-type,1-stratose,Smooth ± plane,"±  quadrate | oblong, marginal cells smaller | rhombic in proximal portions of vaginant laminae",same size and shape as other lamina cells
Fissidens pauperculus,Costate,± 1/2 leaf length | ± 2/3 leaf length,± unequal,ending on or near margin,± entire | crenulate-serrulate,Elimbate,6-16+ cells before leaf apex ,bryoides-type,1-stratose,Smooth ± plane,"±  quadrate | oblong, marginal cells smaller | rhombic in proximal portions of vaginant laminae",greatly enlarged ± clear ± oblong compared to other lamina cells
Fissidens fontanus,Costate,± 1/3 leaf length | ± 1/2 leaf length,± unequal,ending on or near costa,± entire,Elimbate,6-16+ cells before leaf apex,bryoides-type,1-stratose | infrequently 2-stratose,Smooth ± bulging ,"±  quadrate | oblong, marginal cells smaller | rhombic in proximal portions of vaginant laminae",larger compared to other lamina cells
Fissidens osmundioides,Costate,± 1/2 leaf length | ± 3/4 leaf length,± equal,ending on or near margin,± crenulate | serrulate ,Elimbate,2-6 cells before leaf apex | 3-10 cells before leaf apex | 6-16+ cells before leaf apex,taxifolius-type,1-stratose,Smooth ± bulging ,± hexagonal,same size and shape as other lamina cells
Fissidens taylorii,Costate,± 1/2 leaf length | ± 2/3 leaf length,± unequal,ending on or near margin,± entire,Limbate on all laminae,2-6 cells before leaf apex | 3-10 cells before leaf apex | ± percurrent,bryoides-type,1-stratose | infrequently 2-stratose,Smooth ± bulging ,± hexagonal,same size and shape as other lamina cells
Fissidens pellucidus,Costate,± 1/2 leaf length,± unequal,ending between margin and costa ,± entire | ± crenulate,Elimbate,3-10 cells before leaf apex | ± percurrent,bryoides-type,1-stratose,Smooth ± bulging | Smooth ± plane,± hexagonal,same size and shape as other lamina cells
Fissidens santa-clarensis,Costate,± 1/2 leaf length | ± 2/3 leaf length,± unequal,ending on or near margin,± entire | ± crenulate,Elimbate,3-10 cells before leaf apex ,oblongifolius-type,1-stratose,Mammillose,± hexagonal,larger ± clear ± smooth ± oblong compared to other lamina cells
Fissidens asplenioides,Costate,± 1/2 leaf length | ± 3/4 leaf length,± unequal,ending on or near costa ,± entire | crenulate-serrulate,Elimbate | Limbidium confined to vaginant laminae,2-6 cells before leaf apex | 3-10 cells before leaf apex ,oblongifolius-type,1-stratose,Smooth ± bulging ,± hexagonal,larger ± elongate ± quadrate ± oblong compared to other lamina cells
Fissidens leptophyllus,Costate,± 1/2 leaf length,± unequal,ending on or near margin ,± entire | crenulate-serrulate,Limbidium confined to vaginant laminae,2-6 cells before leaf apex | 3-10 cells before leaf apex | 6-16+ cells before leaf apex,bryoides-type,1-stratose,Mammillose,± hexagonal,larger ± clear ± smooth ± oblong compared to other lamina cells
Fissidens taxifolius,Costate,± 2/3 leaf length,± equal,ending on or near margin,± entire | crenulate-serrulate,Elimbate,cuspidate leaf apex ,taxifolius-type,1-stratose,Smooth ± bulging ,± hexagonal,larger ± clear ± smooth ± oblong compared to other lamina cells
Fissidens polypodioides,Costate,± 1/2 leaf length,± equal,ending on or near margin,± entire | denticulate,Elimbate,2-6 cells before leaf apex | 3-10 cells before leaf apex | ± percurrent,taxifolius-type,1-stratose,Smooth ± bulging ,± hexagonal,larger compared to other lamina cells
Fissidens bryoides,Costate,± 1/2 leaf length,± equal,ending on or near margin | ending between margin and costa | ending on or near costa,± entire | serrulate,Limbate on all laminae | Limbidium confined to vaginant laminae,1 cell before leaf apex | 2-6 cells before leaf apex | ± percurrent | ± excurrent,bryoides-type,1-stratose,Smooth ± bulging,± hexagonal,larger ± elongate ± quadrate ± oblong compared to other lamina cells
Fissidens zollingeri,Costate,± 1/2 leaf length,± equal,ending on or near margin | ending between margin and costa | ending on or near costa,± entire | serrulate,Limbate on all laminae,2-6 cells before leaf apex | 3-10 cells before leaf apex | ± percurrent | ± excurrent,bryoides-type,1-stratose | 2-stratose,Smooth ± bulging ,± hexagonal,greatly enlarged ± clear ± oblong compared to other lamina cells
Fissidens appalachensis,Costate,± 1/2 leaf length | ± 2/3 leaf length,± equal | ± unequal ,ending between margin and costa ,± entire | serrulate,Limbate on all laminae,2-6 cells before leaf apex | 3-10 cells before leaf apex | ± percurrent,bryoides-type,1-stratose | infrequently 2-stratose,Smooth ± bulging ,± hexagonal,larger ± elongate ± quadrate ± oblong compared to other lamina cells
Fissidens curvatus,Costate,± 1/2 leaf length | ± 4/5 leaf length,± equal,ending on or near margin,± entire,Limbate on all laminae,2-6 cells before leaf apex | 3-10 cells before leaf apex | ± percurrent | ± excurrent,bryoides-type,1-stratose,Smooth ± bulging ,± hexagonal | elongate-hexagonal,same size and shape as other lamina cells
Fissidens hyalinus,Ecostate,± 1/3 leaf length | ± 1/2 leaf length,± equal,ending on or near margin | ending between margin and costa | ending on or near costa,± entire | serrulate,Limbate on all laminae,2-6 cells before leaf apex | 3-10 cells before leaf apex,bryoides-type,1-stratose,Smooth ± bulging | Smooth ± plane,± hexagonal | elongate-hexagonal,same size and shape as other lamina cells
Fissidens dubius,Costate,± 2/3 leaf length,± unequal,ending on or near margin,± crenulate | serrate,Elimbate,2-6 cells before leaf apex | 3-10 cells before leaf apex | ± percurrent,taxifolius-type,infrequently 2-stratose,Smooth ± bulging ,rounded-hexagonal,same size and shape as other lamina cells
Fissidens subbasilaris,Costate,± 1/2 leaf length | ± 2/3 leaf length,± unequal,ending on or near margin,± entire | crenulate-serrulate,Elimbate,6-16+ cells before leaf apex ,taxifolius-type,infrequently 2-stratose,Smooth ± bulging ,rounded-hexagonal,same size and shape as other lamina cells
Fissidens bushii,Costate,± 2/3 leaf length,± equal,ending on or near margin,± entire | crenulate-serrulate,Elimbate,1 cell before leaf apex | 2-6 cells before leaf apex,taxifolius-type,infrequently 2-stratose,Smooth ± bulging ,rounded-hexagonal,same size and shape as other lamina cells
Fissidens elegans,Costate,± 1/2 leaf length | ± 2/3 leaf length,± unequal,ending on or near margin ,± entire | serrulate ,Elimbate | Limbidium confined to vaginant laminae,2-6 cells before leaf apex | 3-10 cells before leaf apex | ± percurrent | ± excurrent,bryoides-type,1-stratose,Pluripapillose,rounded-hexagonal,same size and shape as other lamina cells
